Hog Features,Target
[0.16504131 0.04512696 0.25312593 ... 0.         0.14314926 0.38620812],1
[0.2918525  0.21267398 0.12586729 ... 0.09134722 0.28154887 0.29220142],1
[0.07619391 0.09260258 0.05788999 ... 0.09349691 0.24894877 0.26366554],1
[0.11963907 0.13087364 0.1695509  ... 0.20855049 0.1073882  0.20448887],1
[0.08211708 0.03421584 0.02565398 ... 0.07106701 0.13525437 0.15541348],1
[0.23583013 0.10903971 0.07327929 ... 0.07881489 0.12819009 0.15928314],1
[0.24628956 0.06157142 0.1824399  ... 0.14566509 0.06334073 0.2845089 ],1
[0.2147813  0.13637257 0.03894384 ... 0.06972847 0.10964526 0.23065797],1
[0.33732818 0.33732818 0.18221314 ... 0.09633802 0.01840652 0.2656044 ],1
[0.19626279 0.01562214 0.         ... 0.12486435 0.27978561 0.27978561],1
[0.22391877 0.0224874  0.01786398 ... 0.00871071 0.01408665 0.02722197],1
[0.29703848 0.07614182 0.01587397 ... 0.1502459  0.25342655 0.25342655],1
[0.26652894 0.03020903 0.02187096 ... 0.14808106 0.11048015 0.03049301],1
[0.13214518 0.01725531 0.03520563 ... 0.19836213 0.17315061 0.0386615 ],1
[0.14371868 0.19666682 0.1277261  ... 0.33516237 0.33516237 0.20321293],1
[0.15560342 0.13145738 0.10425098 ... 0.03493728 0.08245227 0.0332037 ],1
[0.19594279 0.03185262 0.         ... 0.06524609 0.03138181 0.04757981],1
[0.19445115 0.12499994 0.05858506 ... 0.04335163 0.11854242 0.25475594],1
[0.13298173 0.16084849 0.17570959 ... 0.09575332 0.0396104  0.2734764 ],1
[0.23466471 0.03900455 0.01470247 ... 0.07581392 0.08434015 0.0401744 ],1
[0.10161977 0.01734762 0.05377568 ... 0.11931735 0.28894176 0.28894176],1
[0.20321598 0.06747538 0.15522109 ... 0.11523822 0.03933716 0.10761589],1
[0.25333346 0.00719627 0.01264014 ... 0.08001146 0.13775384 0.29987772],1
[0.25190269 0.25190269 0.25190269 ... 0.0709108  0.04200046 0.07226334],1
[0.31290112 0.25508539 0.00604414 ... 0.04469505 0.03309566 0.02890645],1
[0.13046037 0.01313006 0.11914634 ... 0.23606265 0.23363867 0.14951986],1
[0.28005778 0.1904065  0.08965697 ... 0.02095248 0.13423945 0.4094524 ],1
[0.10433769 0.09029342 0.07949541 ... 0.04809815 0.24187125 0.25689982],1
[0.25374474 0.09412782 0.03404085 ... 0.11766442 0.01801505 0.02137867],1
[0.31239528 0.31239528 0.31239528 ... 0.02796594 0.11650108 0.24575708],1
[0.29495671 0.         0.         ... 0.01839074 0.00208818 0.0135296 ],1
[0.32894301 0.00321153 0.12353086 ... 0.01341081 0.03865892 0.45880576],1
[0.24453119 0.18668325 0.20479147 ... 0.01329787 0.28353761 0.28353761],1
[0.23542787 0.23542787 0.23542787 ... 0.12885681 0.14796064 0.26507042],1
[0.2551339  0.11150608 0.11316896 ... 0.19292839 0.21513457 0.1977586 ],1
[0.26763623 0.12851402 0.23731247 ... 0.14846116 0.22159677 0.09112943],1
[0.02761791 0.01689577 0.02224393 ... 0.1022392  0.12595857 0.19520805],1
[0.17860602 0.12243277 0.10096652 ... 0.05957979 0.13500513 0.26972991],1
[0.19867832 0.01427844 0.0090754  ... 0.14999041 0.23505359 0.26310466],1
[0.16841408 0.02120425 0.08632221 ... 0.03386135 0.02955484 0.05073781],1
[0.27288246 0.11174414 0.05628903 ... 0.26899993 0.19086257 0.07305893],1
[0.1436766  0.10158109 0.17839029 ... 0.08387457 0.07979922 0.09525838],1
[0.06466204 0.12529687 0.04153684 ... 0.07948037 0.25308095 0.25308095],1
[0.26260752 0.07596282 0.03251312 ... 0.02730147 0.11243428 0.29463484],1
[0.1112683  0.03206395 0.00236592 ... 0.04033332 0.1634728  0.3389421 ],1
[0.23547916 0.20605466 0.1551062  ... 0.0122035  0.06334671 0.37238626],1
[0.27440342 0.14618163 0.02473829 ... 0.14785998 0.21030562 0.25096642],1
[0.18343668 0.15927413 0.23965621 ... 0.09712028 0.10032297 0.11534824],1
[0.17753442 0.02429585 0.02293647 ... 0.14199361 0.00913199 0.11064603],1
[0.08367061 0.31416499 0.18751948 ... 0.01990878 0.23547645 0.38442708],1
[0.2877416  0.10754549 0.03745142 ... 0.16855873 0.2392288  0.2322915 ],1
[0.17279463 0.17103418 0.06063189 ... 0.13841444 0.08525858 0.12307078],1
[0.25710764 0.03728255 0.07515559 ... 0.05217104 0.31612426 0.31612426],1
[0.12078177 0.04364398 0.16436527 ... 0.26100439 0.24822934 0.26100439],1
[0.15944597 0.13922472 0.1135183  ... 0.0461539  0.14857275 0.28826612],1
[0.21303755 0.11601219 0.1245121  ... 0.01466828 0.20366394 0.20465802],1
[0.28073866 0.01533867 0.01669739 ... 0.13072707 0.09946962 0.16432894],1
[0.10546231 0.02931755 0.22226175 ... 0.18900195 0.22882749 0.22882749],1
[0.04213513 0.         0.         ... 0.07356522 0.12946188 0.16516316],1
[0.00676159 0.00352011 0.02356324 ... 0.         0.03094503 0.21260545],1
[0.19226388 0.05326735 0.03506697 ... 0.17543569 0.25157689 0.28413599],1
[0.10480917 0.16241266 0.26191732 ... 0.08748207 0.23558669 0.18887953],1
[0.14803529 0.0649388  0.0661765  ... 0.17997892 0.2371685  0.2371685 ],1
[0.23303044 0.23303044 0.04809681 ... 0.12008145 0.06262689 0.11223432],1
[0.23154143 0.         0.01125362 ... 0.12891028 0.15487127 0.25358683],1
[0.29215567 0.05225457 0.         ... 0.08091696 0.16166984 0.34543985],1
[0.14441716 0.09080684 0.06437211 ... 0.17131299 0.19968011 0.07023769],1
[0.09893157 0.06961893 0.02753089 ... 0.23663235 0.23663235 0.22325306],1
[0.21906208 0.24060416 0.23925802 ... 0.05283123 0.13336339 0.24596225],1
[0.21040132 0.07833942 0.12015242 ... 0.11700248 0.13785951 0.15222265],1
[0.26787938 0.05697289 0.10909408 ... 0.02574333 0.27109344 0.29326416],1
[0.26721338 0.26721338 0.11907091 ... 0.17243353 0.24977164 0.24977164],1
[0.32144241 0.16655565 0.01224514 ... 0.17172904 0.12829125 0.0231281 ],1
[0.30091108 0.23982989 0.07902307 ... 0.04343935 0.08485222 0.09015739],1
[0.27627307 0.20561698 0.04990845 ... 0.0375053  0.03913926 0.1284428 ],1
[0.07485976 0.04261904 0.05155781 ... 0.05489141 0.11344866 0.36710258],1
[0.25712437 0.02151914 0.0114096  ... 0.25722606 0.26061158 0.26061158],1
[0.10372675 0.0085432  0.03884937 ... 0.23985491 0.10704667 0.18787832],1
[0.22607578 0.22242659 0.10268724 ... 0.0776064  0.11849586 0.07536303],1
[0.18163461 0.09754755 0.01976593 ... 0.14887571 0.0442729  0.05132544],1
[0.20810463 0.20297174 0.09004137 ... 0.         0.02832915 0.04638524],1
[0.15444553 0.06956681 0.10363845 ... 0.13823972 0.14230468 0.17340578],1
[0.18220949 0.11615107 0.02503275 ... 0.         0.03822692 0.01652026],1
[0.14551363 0.07301804 0.09890548 ... 0.0272835  0.04701907 0.31883682],1
[0.28469429 0.0853702  0.09051367 ... 0.07056607 0.21142379 0.11833779],1
[0.22760408 0.10638563 0.13200617 ... 0.09347143 0.09705328 0.2925793 ],1
[0.11181166 0.07221378 0.31667861 ... 0.         0.0787325  0.37607141],1
[0.07367322 0.00235242 0.02986137 ... 0.11576054 0.04031572 0.1919318 ],1
[0.05496912 0.         0.10270512 ... 0.01435168 0.29138474 0.29138474],1
[0.25509767 0.25509767 0.25293923 ... 0.00609274 0.05232215 0.07673318],1
[0.26551692 0.07089787 0.0145276  ... 0.01659292 0.05376431 0.17417778],1
[0.11289762 0.08537248 0.07814964 ... 0.24869827 0.15055333 0.05450094],1
[0.0702439  0.04359492 0.04471767 ... 0.02664057 0.10267371 0.20643043],1
[0.27235716 0.27235716 0.16826227 ... 0.0072535  0.06197504 0.3564789 ],1
[0.11879228 0.11632027 0.20512334 ... 0.1569575  0.34422796 0.20790135],1
[0.23809624 0.13830166 0.26271914 ... 0.04276286 0.17356158 0.32317744],1
[0.19115793 0.04109334 0.13692105 ... 0.03233004 0.04661628 0.06840091],1
[0.18755034 0.01472605 0.0139607  ... 0.23514738 0.23514738 0.16255647],1
[0.28609725 0.32920219 0.13025559 ... 0.03555629 0.06340845 0.29534983],1
"[3.21684385e-04 4.14623435e-04 1.43281514e-04 ... 1.04953758e-01
 2.90813203e-01 2.03968298e-01]",1
[0.14056125 0.19167731 0.07944731 ... 0.1387004  0.07920455 0.23954005],1
[0.00926322 0.         0.         ... 0.12406861 0.17772883 0.27871646],2
[0.32792262 0.21892096 0.0144838  ... 0.01657245 0.0446855  0.14217351],2
[0.39342695 0.1674836  0.01025689 ... 0.03839518 0.02691276 0.12025602],2
[0.21060997 0.         0.10863481 ... 0.091483   0.13856748 0.11387641],2
[0.10843167 0.02917969 0.00940894 ... 0.1304828  0.13617914 0.10399206],2
[0.13629325 0.26116832 0.01519702 ... 0.08771184 0.23173086 0.23757486],2
[0.09563997 0.03032888 0.02416697 ... 0.05736901 0.18347687 0.25729954],2
[0.25083453 0.33250535 0.06961111 ... 0.06883028 0.20021366 0.28054872],2
[0.35899073 0.13131625 0.         ... 0.10337155 0.22460954 0.23111452],2
[0.01158154 0.01172094 0.05967729 ... 0.07382814 0.3221498  0.3221498 ],2
[0.21507482 0.17705194 0.04714629 ... 0.16921377 0.29712701 0.19064101],2
[0.14935685 0.02344019 0.0462063  ... 0.04950244 0.09899274 0.29186074],2
[0.21470334 0.07499536 0.08840877 ... 0.         0.         0.24394635],2
[0.27480834 0.29921188 0.15987794 ... 0.12084186 0.04666453 0.28540515],2
[0.04065908 0.01343858 0.0175403  ... 0.00722198 0.0354792  0.01980205],2
[0.2915149  0.2915149  0.04074313 ... 0.14300967 0.06896296 0.02577017],2
"[5.27364107e-16 0.00000000e+00 0.00000000e+00 ... 1.17841894e-04
 4.37156948e-04 8.91537376e-02]",2
[0.28052023 0.25999612 0.         ... 0.25070131 0.25070131 0.25070131],2
[0.10415754 0.01236021 0.12607295 ... 0.07937165 0.17599963 0.23415947],2
[0.3783061  0.06739722 0.381514   ... 0.04126327 0.20613735 0.27306573],2
[0.25225809 0.18733904 0.04439248 ... 0.0045514  0.01416294 0.30816595],2
[0.19328322 0.02306629 0.02878779 ... 0.20867873 0.12335409 0.22196854],2
[0.25876167 0.25876167 0.06382782 ... 0.10462137 0.1948082  0.28543767],2
[0.08980646 0.08617589 0.06930654 ... 0.06335088 0.18048654 0.11134937],2
[0.31862423 0.25272964 0.12822974 ... 0.11502493 0.20045905 0.30337289],2
[0.40081378 0.04172336 0.         ... 0.00201853 0.09959443 0.37167665],2
[0.31066793 0.31066793 0.10920216 ... 0.08312601 0.04008497 0.04150716],2
[0.31972776 0.22166451 0.13761135 ... 0.13919015 0.21618286 0.26736339],2
[0.28450745 0.05398674 0.03913653 ... 0.0980409  0.14788157 0.26535169],2
[0.307222   0.00472734 0.00063056 ... 0.         0.         0.        ],2
[0.29137648 0.23832826 0.11389863 ... 0.30715691 0.30371588 0.087682  ],2
[0.08110395 0.00737665 0.02164419 ... 0.13773255 0.05927193 0.15613206],2
"[3.79206902e-18 0.00000000e+00 7.66113622e-19 ... 7.78310988e-02
 1.87202471e-01 7.11005264e-02]",2
[0.31954296 0.2028198  0.31954296 ... 0.15288264 0.0757861  0.20412767],2
[0.03874402 0.05396475 0.0725092  ... 0.00153404 0.04557856 0.07711001],2
[0.28858116 0.18257106 0.07236809 ... 0.21828628 0.25847722 0.2341539 ],2
[0.30125101 0.10662148 0.         ... 0.04368597 0.2521281  0.2521281 ],2
[0.0675351  0.02948412 0.0516824  ... 0.36796712 0.1332022  0.18471117],2
[0.16206459 0.08216009 0.11896105 ... 0.00126487 0.1862662  0.27510171],2
[0.05269775 0.04229656 0.04458139 ... 0.09803961 0.14020652 0.26653535],2
[0.11739633 0.12974174 0.15189617 ... 0.08336843 0.11714384 0.07678998],2
[0.29547016 0.29547016 0.14914859 ... 0.05698508 0.04408603 0.01878223],2
[0.32665557 0.18381256 0.08294663 ... 0.10057188 0.08392473 0.03608131],2
[0.04456911 0.13701829 0.1599509  ... 0.00532072 0.01109072 0.04529866],2
[0.34904362 0.30723916 0.05528547 ... 0.01558329 0.05564075 0.05145457],2
[0.11730253 0.10474856 0.03700784 ... 0.23481194 0.13238538 0.23481194],2
[0.13170575 0.06995956 0.04790458 ... 0.09262977 0.31649351 0.05141663],2
[0.35700927 0.05621078 0.00399499 ... 0.25455557 0.         0.10504837],2
[0.3024072  0.3024072  0.3024072  ... 0.28408429 0.26126955 0.0447324 ],2
[0.01240465 0.12934823 0.01629113 ... 0.02898386 0.0330263  0.07363631],2
[0.22741906 0.22212466 0.15308394 ... 0.05672923 0.03682515 0.1877262 ],2
[0.12671749 0.32156216 0.19066994 ... 0.05659265 0.02631861 0.37151207],2
[0.14134581 0.06703246 0.06813658 ... 0.08005928 0.         0.25779717],2
[0.25442124 0.13028645 0.02900627 ... 0.05807915 0.01920274 0.02517826],2
[0.0029399  0.         0.         ... 0.         0.00539438 0.39521614],2
[0.20476349 0.14248969 0.1882226  ... 0.06579452 0.         0.07165751],2
[0.06139311 0.02339006 0.03088415 ... 0.12131565 0.19096927 0.31251033],2
[0.02403015 0.00572031 0.15160115 ... 0.14573869 0.33713436 0.33713436],2
[0.07444071 0.04215933 0.04896959 ... 0.03951896 0.11071986 0.28882084],2
[0.14843858 0.14080032 0.09462172 ... 0.00606418 0.10971054 0.35450745],2
[0.13500003 0.04153418 0.04386835 ... 0.22331855 0.19597109 0.20611338],2
[0.16263684 0.0356866  0.18550909 ... 0.02934873 0.07039099 0.24015367],2
[0.45092243 0.05593523 0.         ... 0.14727845 0.27787196 0.07776086],2
[0.23358307 0.23358307 0.06953709 ... 0.1028703  0.11798809 0.05513952],2
[0.05804783 0.02145909 0.01594257 ... 0.26733646 0.26733646 0.17342881],2
[0.23546924 0.12482029 0.15482573 ... 0.11858298 0.08250029 0.14495526],2
[0.16919203 0.2166172  0.23522003 ... 0.01365529 0.02531416 0.04286455],2
[0.21263772 0.114609   0.02319353 ... 0.26009512 0.26996015 0.07716577],2
[0.09143399 0.08165135 0.06443499 ... 0.03818115 0.04948896 0.27776824],2
[0.23118571 0.0638312  0.01966308 ... 0.17538169 0.0899911  0.11281505],2
[0.24251338 0.06461685 0.14736177 ... 0.21239098 0.10143486 0.18338765],2
[0.03266743 0.00853026 0.01398661 ... 0.03772783 0.05966952 0.1224287 ],2
[0.11081307 0.0728268  0.00380606 ... 0.07267155 0.19800259 0.13812297],2
[0.24465543 0.04396    0.06816781 ... 0.01454171 0.03240987 0.        ],2
[0.18272581 0.23101467 0.18672075 ... 0.21417297 0.10433457 0.17324778],2
[0.11004186 0.10173974 0.01493794 ... 0.00522266 0.         0.00648919],2
[0.0884561  0.02933734 0.011198   ... 0.         0.12402919 0.28655368],2
[0.26002363 0.09233396 0.03307718 ... 0.06884824 0.09341482 0.27042894],2
[0.24088523 0.10544157 0.06128801 ... 0.02822593 0.0093523  0.04395969],2
[0.24891784 0.21098763 0.06828778 ... 0.07625179 0.05224102 0.01303063],2
[0.33387771 0.27361873 0.09759052 ... 0.03731182 0.11324383 0.26780206],2
[0.05685077 0.02308717 0.00653622 ... 0.06727189 0.14769495 0.26261182],2
[0.09194743 0.01171778 0.03334796 ... 0.17226387 0.23129844 0.12352096],2
[0.29578445 0.05826139 0.02224729 ... 0.27806913 0.27756968 0.12772878],2
[0.23397182 0.         0.01849732 ... 0.06568564 0.11182098 0.04922744],2
[0.24308211 0.041808   0.12121091 ... 0.10868637 0.16445596 0.12919626],2
[0.19810668 0.26893438 0.21817901 ... 0.         0.06193184 0.25476232],2
[0.15131392 0.21876152 0.13015119 ... 0.00647264 0.         0.00386193],2
[0.05177906 0.09069813 0.06130919 ... 0.01593488 0.0422987  0.13436493],2
[0.07023612 0.         0.1038815  ... 0.12645195 0.         0.27160613],2
[0.15804172 0.21070798 0.14696736 ... 0.11515229 0.19032419 0.26105696],2
[0.34050113 0.31698968 0.07983767 ... 0.03482523 0.03207883 0.05646537],2
[0.04757963 0.02134709 0.02393861 ... 0.01119156 0.15719479 0.3116604 ],2
[0.13637646 0.10576103 0.04120397 ... 0.0495494  0.02951133 0.26526607],2
[0.29078798 0.07349311 0.         ... 0.12427947 0.08909316 0.18839888],2
[0.11512141 0.003169   0.02931333 ... 0.03393953 0.01218199 0.2305358 ],2
[0.29199597 0.         0.03576169 ... 0.05066426 0.06706823 0.19038779],2
[0.22581209 0.03837725 0.03297433 ... 0.14767956 0.14542491 0.03539628],2
[0.14411203 0.12464173 0.17071143 ... 0.03834044 0.03173154 0.47554072],2
[0.20456608 0.04181986 0.02009088 ... 0.00818382 0.01998554 0.31180399],2
[0.33703908 0.22149376 0.01375948 ... 0.04393275 0.2115375  0.24355876],2
[0.28610745 0.08957009 0.00744702 ... 0.03096756 0.05294367 0.16974607],2
[0.03814722 0.03911354 0.05487325 ... 0.         0.         0.32520902],2
[0.28559287 0.21067782 0.09069232 ... 0.12139168 0.06728661 0.11849476],2
[0.19313505 0.26326706 0.32039138 ... 0.22784847 0.11511324 0.08179963],2
[0.28781357 0.14352535 0.04862085 ... 0.11642959 0.06535143 0.0211358 ],2
[0.08380643 0.0266014  0.04168417 ... 0.20265201 0.27201394 0.09382707],2
[0.21361283 0.09810094 0.09243715 ... 0.05054665 0.04467665 0.07471319],2
[0.30561726 0.18489118 0.11483006 ... 0.22411836 0.22411836 0.18940198],2
[0.31296053 0.19934656 0.06362409 ... 0.19278681 0.25441856 0.25441856],2
[0.12745421 0.10414161 0.12528807 ... 0.08556655 0.08863335 0.18652041],2
[0.24245489 0.32321418 0.19749925 ... 0.         0.09280095 0.31447149],2
[0.2510481  0.09614406 0.08300714 ... 0.06223776 0.20560264 0.08119998],2
[0.11557428 0.00334568 0.00110154 ... 0.13339085 0.31686971 0.31686971],2
[0.14946247 0.1663433  0.21607883 ... 0.00380819 0.14473406 0.5542723 ],2
[0.23222382 0.13575971 0.06744254 ... 0.0147154  0.03252116 0.28452114],2
[0.19449693 0.05548567 0.05533723 ... 0.12938027 0.16360098 0.10463251],2
[0.37064435 0.1960168  0.08998633 ... 0.01228527 0.         0.16929545],2
[0.29147145 0.08353163 0.18943679 ... 0.01309183 0.17611866 0.28526454],2
[0.30433216 0.30433216 0.08922342 ... 0.08552761 0.12619525 0.23776147],2
[0.11226164 0.02829568 0.01504622 ... 0.11560231 0.05557276 0.072805  ],2
[0.26133733 0.04509168 0.         ... 0.17829711 0.26554047 0.24388095],2
[0.23555958 0.00330132 0.00194642 ... 0.03842883 0.04544329 0.45729056],2
[0.37150658 0.0090003  0.00271155 ... 0.02295613 0.03217366 0.05792029],2
[0.18353099 0.35043437 0.2345331  ... 0.05952965 0.0585076  0.        ],2
[0.19932332 0.12509986 0.00492715 ... 0.07855561 0.03605891 0.02861116],2
[0.25436348 0.03460226 0.09764821 ... 0.02455155 0.03779137 0.05744273],2
[0.38548886 0.24031075 0.00298248 ... 0.01638009 0.01766629 0.33650662],2
[0.26178239 0.22813484 0.14935416 ... 0.05481538 0.06715148 0.03820098],2
[0.09512596 0.01635108 0.         ... 0.04599255 0.00645529 0.00950766],2
[0.15580489 0.00254603 0.00109137 ... 0.16457837 0.26608943 0.23063977],2
[0.08006443 0.11912681 0.14364804 ... 0.03003588 0.01740581 0.20348851],2
[0.04062397 0.00149599 0.0066159  ... 0.02885374 0.06531846 0.27138247],2
[0.01119133 0.01301481 0.00867072 ... 0.02832828 0.03265134 0.01394096],2
[0.29547318 0.27411923 0.26511465 ... 0.10591295 0.12493823 0.06974741],2
[0.37534894 0.02071019 0.00510274 ... 0.01971079 0.09539048 0.09578617],2
[0.26728344 0.01078002 0.03860431 ... 0.26705295 0.26705295 0.19166892],2
[0.32925586 0.12006189 0.29804375 ... 0.         0.         0.23834626],2
[0.32987651 0.13697937 0.0782795  ... 0.03149119 0.09511047 0.03891444],2
[0.15277519 0.23760781 0.04964805 ... 0.         0.10973849 0.2547486 ],2
[0.00409077 0.00337765 0.         ... 0.01614882 0.         0.02655635],2
[0.06766894 0.13463251 0.04903072 ... 0.01445602 0.01541883 0.04201967],2
[0.26667731 0.02545364 0.05423183 ... 0.03197996 0.18635076 0.20205749],2
[0.13034641 0.00699126 0.02491308 ... 0.04493001 0.01490465 0.3413267 ],2
[0.20547626 0.03139278 0.01386121 ... 0.06319195 0.24664689 0.15230486],2
[0.09987056 0.11598686 0.09357464 ... 0.         0.01803991 0.27966697],2
[0.22383746 0.00323315 0.00192752 ... 0.17621883 0.164408   0.21175276],2
[0.02859192 0.0249958  0.00622198 ... 0.22290963 0.14310223 0.24695251],2
[0.12682305 0.13069538 0.14392698 ... 0.         0.01313974 0.04855203],2
[0.14356369 0.19907644 0.01850157 ... 0.11081738 0.13239422 0.08535049],2
[0.24525469 0.00254527 0.00891491 ... 0.25286292 0.37615195 0.12408835],2
[0.3021172  0.02405368 0.0807111  ... 0.1113931  0.         0.21048541],2
[0.30291796 0.26046765 0.08509012 ... 0.06543183 0.22043104 0.19614305],2
[0.11144827 0.03682577 0.07369486 ... 0.01262574 0.03394143 0.18429718],2
[0.14643026 0.06266973 0.04303192 ... 0.02969794 0.26531812 0.35505994],2
[0.12870124 0.27406522 0.04337662 ... 0.03006578 0.01950596 0.05100984],2
[0.1286719  0.15035171 0.12471789 ... 0.0677833  0.21083914 0.13473317],2
[0.15121778 0.02964297 0.04282716 ... 0.12871453 0.2591131  0.24774128],2
[0.35289308 0.07272755 0.12997858 ... 0.16956818 0.30173644 0.2191315 ],2
[0.02270975 0.02001669 0.32898606 ... 0.13032857 0.30774631 0.12580589],2
[0.27149458 0.12691435 0.08021422 ... 0.19972184 0.21449377 0.23427597],3
[0.3115911  0.09073331 0.00683005 ... 0.03208408 0.03973114 0.07514589],3
[0.2737823  0.26400791 0.24329067 ... 0.10478186 0.14459528 0.1713733 ],3
[0.24102528 0.20018416 0.2483532  ... 0.07558071 0.23781644 0.23781644],3
[0.24416027 0.16246438 0.10025789 ... 0.03608646 0.01854404 0.01361609],3
[0.25736631 0.03324016 0.09826939 ... 0.08700664 0.18670318 0.31974352],3
[0.05423661 0.         0.         ... 0.1229053  0.23963661 0.17647323],3
[0.31815253 0.22695262 0.07394748 ... 0.         0.05906769 0.30590182],3
[0.14759167 0.25363245 0.1643125  ... 0.24653012 0.12175854 0.24653012],3
[0.29385238 0.29385238 0.         ... 0.30089596 0.28692343 0.04015419],3
[0.0299525  0.02984606 0.03296975 ... 0.07324695 0.06326593 0.08103614],3
[0.26894708 0.0475334  0.02560296 ... 0.05127237 0.27674935 0.27674935],3
[0.22478787 0.11814109 0.30591036 ... 0.08751361 0.23261238 0.16986851],3
[0.25328319 0.27724287 0.03499239 ... 0.03606059 0.0743746  0.06855291],3
[0.10719399 0.16390378 0.29209821 ... 0.23976904 0.20989327 0.04479238],3
[0.17117676 0.17464052 0.23947664 ... 0.12323902 0.11332925 0.2012693 ],3
[0.12582131 0.02152332 0.08901175 ... 0.24814535 0.03603269 0.0275188 ],3
[0.2647715  0.11269166 0.17558994 ... 0.00369315 0.01288125 0.353348  ],3
[0.2276815  0.2276815  0.2276815  ... 0.01025513 0.01614902 0.41067192],3
[0.1050627  0.03544507 0.19220058 ... 0.04645072 0.02415147 0.02590931],3
[0.17816096 0.24095074 0.0714668  ... 0.02061561 0.03904829 0.06917823],3
[0.02798905 0.         0.05942892 ... 0.04728113 0.17140491 0.27560879],3
[0.36479791 0.14713473 0.05004511 ... 0.05326437 0.12364319 0.09883742],3
[0.13492482 0.05713413 0.14107755 ... 0.08143208 0.23642134 0.06846714],3
[0.08991331 0.08984102 0.02393297 ... 0.17347308 0.085076   0.18688667],3
[0.13911532 0.09648924 0.07650909 ... 0.05511523 0.18787289 0.12188467],3
[0.2401762  0.2401762  0.19532599 ... 0.24045982 0.0505668  0.20010344],3
[0.26328687 0.06737835 0.04349295 ... 0.02603684 0.00297575 0.01847174],3
[0.31550108 0.04521004 0.0371871  ... 0.02715407 0.1253176  0.29779298],3
[0.25887729 0.25887729 0.08659434 ... 0.0439476  0.04213021 0.33203805],3
[0.23088651 0.23088651 0.10109229 ... 0.02064757 0.08519329 0.33526046],3
[0.37618669 0.0033625  0.1054833  ... 0.03777034 0.05000583 0.37436986],3
[0.00528382 0.         0.10840753 ... 0.01283376 0.10648526 0.23008687],3
[0.24951604 0.17554384 0.0812249  ... 0.04804065 0.02113026 0.02098374],3
[0.02560113 0.01110122 0.00235437 ... 0.13459116 0.1052874  0.32788272],3
[0.24799545 0.14161962 0.046374   ... 0.00054284 0.03730631 0.09360682],3
[0.25380067 0.03942482 0.04176867 ... 0.00602769 0.002715   0.08229198],3
[0.20810435 0.05889766 0.22978332 ... 0.0351404  0.08869147 0.34125258],3
[0.32175054 0.31223658 0.14852671 ... 0.09367622 0.14285441 0.08799577],3
[0.00125078 0.05661893 0.04310382 ... 0.07197401 0.08692026 0.23742769],3
[0.11116127 0.04447749 0.20504427 ... 0.02356497 0.19250128 0.39835633],3
[0.17368633 0.12087815 0.06644823 ... 0.10591277 0.2157376  0.37842614],3
[0.15453669 0.02438499 0.         ... 0.17473122 0.13952759 0.        ],3
[0.27873631 0.27873631 0.23531378 ... 0.03491568 0.2962382  0.2492929 ],3
[0.33724125 0.25760862 0.0458296  ... 0.02554058 0.18337749 0.21304592],3
"[3.12250226e-07 0.00000000e+00 1.47196161e-07 ... 8.36832215e-15
 0.00000000e+00 0.00000000e+00]",3
[0.08770684 0.00585045 0.00451703 ... 0.04647376 0.09913409 0.29616637],3
[0.08054696 0.05125181 0.07162121 ... 0.00141626 0.04477005 0.48978514],3
[0.22561217 0.02006647 0.         ... 0.02960805 0.03117669 0.00427467],3
[0.08303755 0.05861626 0.03220744 ... 0.1347883  0.0272953  0.04775229],3
[0.01617716 0.03672961 0.         ... 0.         0.         0.03482821],3
[0.31718986 0.09775046 0.05800234 ... 0.17554676 0.18957311 0.21305698],3
[0.31584166 0.06324588 0.         ... 0.08646355 0.09923591 0.04970135],3
[0.13987689 0.02143997 0.10778702 ... 0.03775979 0.         0.05726262],3
[0.103294   0.09409573 0.12182271 ... 0.10936232 0.1079041  0.14185949],3
[0.09920316 0.04208058 0.17069908 ... 0.07207416 0.0630775  0.21363966],3
[0.25660755 0.1582188  0.03850927 ... 0.17064925 0.18858763 0.15958885],3
[0.01891995 0.01174585 0.02519813 ... 0.         0.11568037 0.24496035],3
[0.16161345 0.00687636 0.04436354 ... 0.21823213 0.16440039 0.26302816],3
[0.21261592 0.19393762 0.01716987 ... 0.03633254 0.07806371 0.06197701],3
[0.00452355 0.         0.11435472 ... 0.02950604 0.10092812 0.09156172],3
[0.20378423 0.00861947 0.06783829 ... 0.03449797 0.02021572 0.02340658],3
[0.34591099 0.12369988 0.03641123 ... 0.01160884 0.0469573  0.35186599],3
[0.02548161 0.02772581 0.01374065 ... 0.         0.         0.        ],3
[0.12495392 0.10239677 0.05240904 ... 0.10653482 0.11752197 0.17012063],3
[0.29504148 0.28734326 0.13178563 ... 0.00313169 0.         0.40983084],3
[0.24055872 0.00903554 0.04826917 ... 0.         0.07996309 0.10692419],3
[0.26307651 0.16860263 0.17630573 ... 0.09491386 0.05388405 0.04254608],3
[0.12982588 0.06728316 0.15361669 ... 0.04976355 0.16613852 0.09304092],3
[0.05738976 0.03617938 0.042251   ... 0.0795849  0.07147307 0.01004869],3
[0.26711974 0.0887485  0.04367879 ... 0.052856   0.13600804 0.31077033],3
[0.08188825 0.02553895 0.00252409 ... 0.00601371 0.11401837 0.3003281 ],3
[0.11781927 0.06894342 0.0945679  ... 0.05610747 0.01044431 0.03240274],3
[0.22060822 0.1255111  0.08611428 ... 0.12828886 0.18668541 0.1151089 ],3
[0.25442879 0.05181461 0.06517924 ... 0.19541405 0.24611433 0.28791271],3
"[2.47353854e-01 1.19250639e-01 6.01684119e-02 ... 4.05278216e-16
 2.15551113e-01 1.08158922e-01]",3
[0.28372982 0.11254889 0.10421061 ... 0.05228296 0.09802012 0.10808807],3
[0.24127098 0.13892111 0.08518757 ... 0.03308214 0.08607195 0.33404429],3
[0.20550044 0.19445182 0.17983159 ... 0.         0.12971114 0.43069   ],3
[0.08903752 0.31758976 0.08010315 ... 0.         0.06810256 0.2489228 ],3
[0.29475747 0.04461116 0.01958709 ... 0.0174336  0.02097671 0.26904528],3
[0.2540267  0.2540267  0.2540267  ... 0.00326671 0.23696026 0.40392352],3
[0.26738856 0.21236697 0.1981909  ... 0.29762131 0.12281026 0.06755563],3
[0.04686764 0.0317372  0.13840772 ... 0.01367839 0.04253493 0.09644326],3
[0.18345767 0.0379178  0.00842286 ... 0.0649409  0.19239473 0.15942689],3
"[6.64144985e-02 0.00000000e+00 8.00324327e-02 ... 7.15531715e-14
 2.26270999e-14 0.00000000e+00]",3
[0.23303189 0.2508568  0.2508568  ... 0.01127174 0.0062602  0.0822638 ],3
[0.         0.         0.         ... 0.03536493 0.02601139 0.5435574 ],3
[0.00897275 0.00396144 0.0286206  ... 0.04844794 0.03205108 0.27516732],3
[0.00396545 0.         0.08166966 ... 0.02374856 0.01081003 0.50110426],3
[0.26479693 0.19524901 0.0027854  ... 0.06093153 0.04647454 0.14940163],3
[0.21531439 0.         0.07923154 ... 0.00275891 0.04536988 0.15698006],3
[0.31266396 0.31266396 0.31266396 ... 0.22573712 0.05423053 0.06220309],3
"[1.06561837e-01 0.00000000e+00 6.51949613e-02 ... 1.58497352e-03
 2.10974823e-04 3.89189815e-01]",3
[0.26195575 0.08144262 0.020527   ... 0.06986632 0.27729494 0.18670027],3
[0.23321741 0.11287905 0.08465947 ... 0.11497077 0.04364588 0.05562557],3
[0.17680256 0.04137501 0.17920797 ... 0.11663581 0.         0.16835614],3
[0.21841033 0.28488116 0.31340175 ... 0.34358726 0.23660016 0.18966957],3
[0.14840351 0.02755915 0.18607899 ... 0.00090195 0.01970419 0.39393129],3
[0.0387782  0.02223874 0.02919241 ... 0.13437124 0.0900937  0.03738308],3
[0.23464067 0.21692246 0.23464067 ... 0.06846052 0.11192816 0.02913764],3
[0.29855032 0.29855032 0.21731999 ... 0.00935597 0.00681363 0.09240162],3
[0.12763104 0.13386109 0.1617194  ... 0.18403287 0.22457075 0.27793361],3
[0.17673438 0.19874489 0.06742361 ... 0.04724563 0.04997102 0.07581893],4
[0.26116642 0.26116642 0.07776751 ... 0.03946537 0.15880837 0.1584955 ],4
[0.2282113  0.15620996 0.09067399 ... 0.13728057 0.26245259 0.21338788],4
[0.30444056 0.03587593 0.         ... 0.2712198  0.2712198  0.12127425],4
[0.27169286 0.08807302 0.03746629 ... 0.02960944 0.24835197 0.25981792],4
[0.00292232 0.         0.00050118 ... 0.04120097 0.02942896 0.02218877],4
[0.29266148 0.00548513 0.00333617 ... 0.05706971 0.03122923 0.14602112],4
[0.18434423 0.15351455 0.11836806 ... 0.14588783 0.04579932 0.02551186],4
[0.2542569  0.2542569  0.13677497 ... 0.12726988 0.12967491 0.06819124],4
[0.2318411  0.12313171 0.15187016 ... 0.42954926 0.07856027 0.00795818],4
[0.09864339 0.         0.01620422 ... 0.01899626 0.06118744 0.11207036],4
[0.23984985 0.0665627  0.02750235 ... 0.03590088 0.06889914 0.23198264],4
[0.10414227 0.11863539 0.04702238 ... 0.01760592 0.09310737 0.29792535],4
[0.2575543  0.07550279 0.13375844 ... 0.06966963 0.05833653 0.05264883],4
[0.14535977 0.01141623 0.00845605 ... 0.07108896 0.11335214 0.08087892],4
[0.32351575 0.07661537 0.21956004 ... 0.25086853 0.15236429 0.0439997 ],4
[0.07237395 0.08527559 0.21777496 ... 0.13715083 0.05929623 0.09427289],4
[0.33996828 0.01874135 0.1459095  ... 0.05675568 0.07925323 0.32028017],4
[0.14086818 0.12087238 0.09970393 ... 0.11222017 0.05917993 0.27647036],4
[0.32135204 0.08990194 0.01115302 ... 0.06976465 0.27499736 0.29597814],4
[0.33626075 0.28628804 0.11995561 ... 0.         0.         0.14176864],4
[0.32352223 0.32352223 0.04072161 ... 0.09053879 0.23726927 0.19508837],4
[0.29453559 0.12470828 0.09853994 ... 0.07918772 0.19036284 0.1710192 ],4
[0.04631397 0.00531744 0.00126032 ... 0.07117738 0.11393675 0.26300751],4
[0.22840588 0.10788547 0.11719984 ... 0.035554   0.11688615 0.16555925],4
[0.10839039 0.29299034 0.12796725 ... 0.11907701 0.22247401 0.20397352],4
[0.11488022 0.1263338  0.28304416 ... 0.08753552 0.21328153 0.23607613],4
[0.24340281 0.17902923 0.07090299 ... 0.05543505 0.21664544 0.11717342],4
[0.29666229 0.02202558 0.04137693 ... 0.06244238 0.08100119 0.27732428],4
[0.04700091 0.         0.         ... 0.05812375 0.03110121 0.09566011],4
[0.26459415 0.26459415 0.13566108 ... 0.00585548 0.01851781 0.29849335],4
[0.19861004 0.09385304 0.045996   ... 0.06926072 0.08260768 0.07176216],4
[0.18218739 0.16983774 0.0469736  ... 0.         0.19345605 0.32530881],4
[0.31483618 0.31483618 0.04922406 ... 0.23302025 0.23302025 0.14140386],4
[0.30077183 0.03544136 0.0102005  ... 0.11764833 0.12421779 0.27002674],4
[0.21134187 0.19388515 0.03190052 ... 0.2710891  0.2710891  0.2710891 ],4
[0.22912646 0.18389046 0.17374577 ... 0.0870376  0.1732761  0.12495518],4
[0.35449588 0.08882027 0.04817777 ... 0.         0.0055544  0.13080647],4
[0.32440722 0.06122165 0.3074651  ... 0.29432904 0.24622481 0.04820142],4
[0.24929532 0.08409167 0.00848688 ... 0.01216839 0.16429778 0.26976192],4
[0.26517883 0.07881462 0.05857653 ... 0.27793245 0.12917809 0.09646164],4
[0.13696866 0.07760921 0.06691375 ... 0.131251   0.12799736 0.32197814],4
[0.18444251 0.07281806 0.12069749 ... 0.29416558 0.29416558 0.29416558],4
[0.08375776 0.00907664 0.00790318 ... 0.07967256 0.0766457  0.09875209],4
[0.26550802 0.11364443 0.10290145 ... 0.26064587 0.26064587 0.26064587],4
[0.33559554 0.02520683 0.01301779 ... 0.0927567  0.19158363 0.29029474],4
[0.11966085 0.0545809  0.00146181 ... 0.         0.17345819 0.1940756 ],4
[0.18879347 0.17488599 0.11414348 ... 0.03759815 0.14938257 0.25294237],4
[0.21300939 0.18208757 0.25294057 ... 0.11132437 0.0315921  0.07749427],4
[0.20470778 0.         0.01627376 ... 0.0586592  0.02009065 0.05319014],4
[0.25108576 0.08705539 0.03396349 ... 0.         0.02907586 0.15339424],4
[0.17856297 0.         0.00370439 ... 0.09166344 0.24240341 0.29746334],4
[0.29867221 0.08323082 0.         ... 0.00967557 0.01415812 0.        ],4
[0.29515266 0.21517778 0.07305272 ... 0.1492885  0.02742195 0.08276894],4
[0.09522405 0.023503   0.13733555 ... 0.0738996  0.07012846 0.0547753 ],4
[0.12238727 0.18446369 0.07369996 ... 0.0397745  0.04988679 0.03149055],4
[0.08375572 0.06072605 0.03526939 ... 0.27158323 0.15408703 0.08683136],4
[0.28781054 0.0440055  0.         ... 0.25227428 0.14629486 0.10527228],4
[0.28786842 0.06820849 0.00400351 ... 0.05072047 0.01006486 0.13007685],4
[0.04700091 0.         0.         ... 0.05812375 0.03110121 0.09566011],4
[0.28109996 0.08676306 0.23602128 ... 0.05745316 0.08588253 0.32504718],4
[0.3354618  0.17316384 0.10826165 ... 0.08407708 0.17235556 0.27106304],4
[0.27110057 0.08618194 0.03131032 ... 0.05496398 0.08406304 0.24200413],4
[0.29377622 0.26909348 0.13107382 ... 0.00765632 0.08086759 0.32491584],4
[0.06972759 0.01881139 0.03703714 ... 0.12505547 0.18347588 0.1454524 ],4
[0.11618767 0.06008999 0.00785858 ... 0.00813449 0.06442284 0.03399537],4
[0.06341722 0.09191432 0.18682797 ... 0.04077918 0.19904204 0.11950454],4
[0.3753866  0.00764297 0.00410157 ... 0.         0.         0.04341677],4
[0.24155055 0.00601235 0.00347858 ... 0.01914786 0.17207022 0.27794667],4
[0.27070753 0.         0.01880691 ... 0.05126583 0.06863414 0.31608465],4
[0.10809588 0.         0.         ... 0.00610159 0.0069579  0.36970413],4
[0.13998185 0.07507514 0.12029288 ... 0.323424   0.07343218 0.36846587],4
[0.16196643 0.15011131 0.12609313 ... 0.         0.13940149 0.35455919],4
[0.09459079 0.00970514 0.06397165 ... 0.02863649 0.06858119 0.39981483],4
[0.31844172 0.04352687 0.03249645 ... 0.14444306 0.0865943  0.24119386],4
[0.19397129 0.04838839 0.         ... 0.21502602 0.22555738 0.16626322],4
[0.27891142 0.03853835 0.06970256 ... 0.00179738 0.03291113 0.12205849],4
[0.20459654 0.02498221 0.06337512 ... 0.16295647 0.25158068 0.23007508],4
[0.06261443 0.01122996 0.00764322 ... 0.04230526 0.16579895 0.12244577],4
[0.00565135 0.00060357 0.00168771 ... 0.1166394  0.25656012 0.05435068],4
[0.04607004 0.02809074 0.02383479 ... 0.0919727  0.35851358 0.27933206],4
[0.34370712 0.07058886 0.07558437 ... 0.16998266 0.29895947 0.29895947],4
[0.11968343 0.15791043 0.03267044 ... 0.19843337 0.30025625 0.14207971],4
[0.0825693  0.00337024 0.0276699  ... 0.15784217 0.27017035 0.1662346 ],4
[0.11666297 0.05773824 0.01271697 ... 0.08324912 0.06499857 0.12307511],4
[0.31181981 0.25578882 0.07573432 ... 0.08057773 0.1120341  0.1676611 ],4
[0. 0. 0. ... 0. 0. 0.],4
[0.23926286 0.25993317 0.09679415 ... 0.04157037 0.05544891 0.34324165],4
[0.1810672  0.04408057 0.00822096 ... 0.24272478 0.18937212 0.12389632],4
[0.14603459 0.11218576 0.1221452  ... 0.08108361 0.04262773 0.16931144],4
[0.17671458 0.         0.         ... 0.14981832 0.16471671 0.0269049 ],4
[0.16417457 0.18508717 0.12222108 ... 0.23112187 0.07418079 0.12096188],4
[0.03020812 0.02185775 0.01965691 ... 0.23107543 0.24324385 0.24324385],4
[0.23672357 0.12809801 0.0511735  ... 0.04725117 0.11357045 0.31079376],4
[0.24499928 0.06568339 0.05092135 ... 0.09799651 0.12416521 0.19447591],4
[0.25066788 0.18669861 0.25066788 ... 0.04996541 0.06154332 0.30074618],4
[0.38542827 0.1337946  0.02801489 ... 0.10747841 0.03635048 0.06257817],4
[0.16145617 0.0123886  0.02150565 ... 0.37384858 0.09374682 0.2141059 ],4
[0.14787643 0.08152192 0.05351987 ... 0.03546178 0.         0.09223648],4
[0.13178129 0.01003841 0.         ... 0.         0.05729892 0.19498317],4
[0.26938515 0.05492995 0.07183727 ... 0.24211285 0.24211285 0.07060279],4
[0.23437403 0.02728082 0.00337369 ... 0.1836983  0.25753493 0.12144181],4
[0.16161509 0.05218852 0.         ... 0.0021561  0.20299538 0.12134319],4
